{"Bus": 216.52799999999996, "Foot": 30.767999999999997, "Subway and Tram": 34.946, "Train": 97.868, "Car": 1.395}